{
  "__type__": "cc.SpriteFrame",
  "content": {
    "name": "offline-stt",
    "atlas": "",
    "rect": {
      "x": 23,
      "y": 23,
      "width": 722,
      "height": 722
    },
    "offset": {
      "x": 0,
      "y": 0
    },
    "originalSize": {
      "width": 768,
      "height": 768
    },
    "rotated": false,
    "capInsets": [
      0,
      0,
      0,
      0
    ],
    "vertices": {
      "rawPosition": [
        -361,
        -361,
        0,
        361,
        -361,
        0,
        -361,
        361,
        0,
        361,
        361,
        0
      ],
      "indexes": [
        0,
        1,
        2,
        2,
        1,
        3
      ],
      "uv": [
        23,
        745,
        745,
        745,
        23,
        23,
        745,
        23
      ],
      "nuv": [
        0.029947916666666668,
        0.029947916666666668,
        0.9700520833333334,
        0.029947916666666668,
        0.029947916666666668,
        0.9700520833333334,
        0.9700520833333334,
        0.9700520833333334
      ],
      "minPos": {
        "x": -361,
        "y": -361,
        "z": 0
      },
      "maxPos": {
        "x": 361,
        "y": 361,
        "z": 0
      }
    },
    "texture": "3cdcc966-b55c-4ffc-8aed-29d2faeb5176@6c48a",
    "packable": true,
    "pixelsToUnit": 100,
    "pivot": {
      "x": 0.5,
      "y": 0.5
    },
    "meshType": 0
  }
}