{
  "__type__": "cc.SpriteFrame",
  "content": {
    "name": "Win",
    "atlas": "",
    "rect": {
      "x": 366,
      "y": 207,
      "width": 4183,
      "height": 3066
    },
    "offset": {
      "x": -384.5,
      "y": 16.5
    },
    "originalSize": {
      "width": 5684,
      "height": 3513
    },
    "rotated": false,
    "capInsets": [
      0,
      0,
      0,
      0
    ],
    "vertices": {
      "rawPosition": [
        -2091.5,
        -1533,
        0,
        2091.5,
        -1533,
        0,
        -2091.5,
        1533,
        0,
        2091.5,
        1533,
        0
      ],
      "indexes": [
        0,
        1,
        2,
        2,
        1,
        3
      ],
      "uv": [
        366,
        3306,
        4549,
        3306,
        366,
        240,
        4549,
        240
      ],
      "nuv": [
        0.06439127375087966,
        0.06831767719897523,
        0.8003166783954961,
        0.06831767719897523,
        0.06439127375087966,
        0.9410760034158838,
        0.8003166783954961,
        0.9410760034158838
      ],
      "minPos": {
        "x": -2091.5,
        "y": -1533,
        "z": 0
      },
      "maxPos": {
        "x": 2091.5,
        "y": 1533,
        "z": 0
      }
    },
    "texture": "0e0b1e14-1d2e-46cf-bcbe-1dd090028fd2@6c48a",
    "packable": true,
    "pixelsToUnit": 100,
    "pivot": {
      "x": 0.5,
      "y": 0.5
    },
    "meshType": 0
  }
}