{
  "__type__": "cc.SpriteFrame",
  "content": {
    "name": "wow52",
    "atlas": "",
    "rect": {
      "x": 1079,
      "y": 240,
      "width": 1804,
      "height": 1799
    },
    "offset": {
      "x": -67,
      "y": 12.5
    },
    "originalSize": {
      "width": 4096,
      "height": 2304
    },
    "rotated": false,
    "capInsets": [
      0,
      0,
      0,
      0
    ],
    "vertices": {
      "rawPosition": [
        -902,
        -899.5,
        0,
        902,
        -899.5,
        0,
        -902,
        899.5,
        0,
        902,
        899.5,
        0
      ],
      "indexes": [
        0,
        1,
        2,
        2,
        1,
        3
      ],
      "uv": [
        1079,
        2064,
        2883,
        2064,
        1079,
        265,
        2883,
        265
      ],
      "nuv": [
        0.263427734375,
        0.1150173611111111,
        0.703857421875,
        0.1150173611111111,
        0.263427734375,
        0.8958333333333334,
        0.703857421875,
        0.8958333333333334
      ],
      "minPos": {
        "x": -902,
        "y": -899.5,
        "z": 0
      },
      "maxPos": {
        "x": 902,
        "y": 899.5,
        "z": 0
      }
    },
    "texture": "0ca40883-8b43-42b6-ba33-a72cbf1bfd84@6c48a",
    "packable": true,
    "pixelsToUnit": 100,
    "pivot": {
      "x": 0.5,
      "y": 0.5
    },
    "meshType": 0
  }
}