{
  "__type__": "cc.SpriteFrame",
  "content": {
    "name": "wow77",
    "atlas": "",
    "rect": {
      "x": 1079,
      "y": 239,
      "width": 1804,
      "height": 1800
    },
    "offset": {
      "x": -67,
      "y": 13
    },
    "originalSize": {
      "width": 4096,
      "height": 2304
    },
    "rotated": false,
    "capInsets": [
      0,
      0,
      0,
      0
    ],
    "vertices": {
      "rawPosition": [
        -902,
        -900,
        0,
        902,
        -900,
        0,
        -902,
        900,
        0,
        902,
        900,
        0
      ],
      "indexes": [
        0,
        1,
        2,
        2,
        1,
        3
      ],
      "uv": [
        1079,
        2065,
        2883,
        2065,
        1079,
        265,
        2883,
        265
      ],
      "nuv": [
        0.263427734375,
        0.1150173611111111,
        0.703857421875,
        0.1150173611111111,
        0.263427734375,
        0.8962673611111112,
        0.703857421875,
        0.8962673611111112
      ],
      "minPos": {
        "x": -902,
        "y": -900,
        "z": 0
      },
      "maxPos": {
        "x": 902,
        "y": 900,
        "z": 0
      }
    },
    "texture": "c97f855f-5062-448f-b944-a02fb969304f@6c48a",
    "packable": true,
    "pixelsToUnit": 100,
    "pivot": {
      "x": 0.5,
      "y": 0.5
    },
    "meshType": 0
  }
}