{
  "__type__": "cc.SpriteFrame",
  "content": {
    "name": "pre room",
    "atlas": "",
    "rect": {
      "x": 0,
      "y": 80,
      "width": 1080,
      "height": 681
    },
    "offset": {
      "x": 0,
      "y": -40
    },
    "originalSize": {
      "width": 1080,
      "height": 761
    },
    "rotated": false,
    "capInsets": [
      0,
      0,
      0,
      0
    ],
    "vertices": {
      "rawPosition": [
        -540,
        -340.5,
        0,
        540,
        -340.5,
        0,
        -540,
        340.5,
        0,
        540,
        340.5,
        0
      ],
      "indexes": [
        0,
        1,
        2,
        2,
        1,
        3
      ],
      "uv": [
        0,
        681,
        1080,
        681,
        0,
        0,
        1080,
        0
      ],
      "nuv": [
        0,
        0,
        1,
        0,
        0,
        0.8948751642575559,
        1,
        0.8948751642575559
      ],
      "minPos": {
        "x": -540,
        "y": -340.5,
        "z": 0
      },
      "maxPos": {
        "x": 540,
        "y": 340.5,
        "z": 0
      }
    },
    "texture": "ceda8981-15a8-4b0c-b1d4-810f5f2ecfde@6c48a",
    "packable": true,
    "pixelsToUnit": 100,
    "pivot": {
      "x": 0.5,
      "y": 0.5
    },
    "meshType": 0
  }
}