{
  "__type__": "cc.SpriteFrame",
  "content": {
    "name": "ButtonCheckActive",
    "atlas": "",
    "rect": {
      "x": 14,
      "y": 12,
      "width": 1161,
      "height": 376
    },
    "offset": {
      "x": -0.5,
      "y": 5
    },
    "originalSize": {
      "width": 1190,
      "height": 410
    },
    "rotated": false,
    "capInsets": [
      0,
      0,
      0,
      0
    ],
    "vertices": {
      "rawPosition": [
        -580.5,
        -188,
        0,
        580.5,
        -188,
        0,
        -580.5,
        188,
        0,
        580.5,
        188,
        0
      ],
      "indexes": [
        0,
        1,
        2,
        2,
        1,
        3
      ],
      "uv": [
        14,
        398,
        1175,
        398,
        14,
        22,
        1175,
        22
      ],
      "nuv": [
        0.011764705882352941,
        0.05365853658536585,
        0.9873949579831933,
        0.05365853658536585,
        0.011764705882352941,
        0.9707317073170731,
        0.9873949579831933,
        0.9707317073170731
      ],
      "minPos": {
        "x": -580.5,
        "y": -188,
        "z": 0
      },
      "maxPos": {
        "x": 580.5,
        "y": 188,
        "z": 0
      }
    },
    "texture": "d31d55dd-c0b4-4a28-b26e-2281c48dde8a@6c48a",
    "packable": true,
    "pixelsToUnit": 100,
    "pivot": {
      "x": 0.5,
      "y": 0.5
    },
    "meshType": 0
  }
}