{
  "__type__": "cc.SpriteFrame",
  "content": {
    "name": "bgProcessSlider",
    "atlas": "",
    "rect": {
      "x": 0,
      "y": 0,
      "width": 2084,
      "height": 244
    },
    "offset": {
      "x": -0.5,
      "y": 0
    },
    "originalSize": {
      "width": 2085,
      "height": 244
    },
    "rotated": false,
    "capInsets": [
      0,
      0,
      0,
      0
    ],
    "vertices": {
      "rawPosition": [
        -1042,
        -122,
        0,
        1042,
        -122,
        0,
        -1042,
        122,
        0,
        1042,
        122,
        0
      ],
      "indexes": [
        0,
        1,
        2,
        2,
        1,
        3
      ],
      "uv": [
        0,
        244,
        2084,
        244,
        0,
        0,
        2084,
        0
      ],
      "nuv": [
        0,
        0,
        0.9995203836930455,
        0,
        0,
        1,
        0.9995203836930455,
        1
      ],
      "minPos": {
        "x": -1042,
        "y": -122,
        "z": 0
      },
      "maxPos": {
        "x": 1042,
        "y": 122,
        "z": 0
      }
    },
    "texture": "4b2b48dd-1e85-4332-ad9d-86a736850261@6c48a",
    "packable": true,
    "pixelsToUnit": 100,
    "pivot": {
      "x": 0.5,
      "y": 0.5
    },
    "meshType": 0
  }
}