{
  "__type__": "cc.SpriteFrame",
  "content": {
    "name": "55",
    "atlas": "",
    "rect": {
      "x": 285,
      "y": 64,
      "width": 430,
      "height": 436
    },
    "offset": {
      "x": 0,
      "y": -0.5
    },
    "originalSize": {
      "width": 1000,
      "height": 563
    },
    "rotated": false,
    "capInsets": [
      0,
      0,
      0,
      0
    ],
    "vertices": {
      "rawPosition": [
        -215,
        -218,
        0,
        215,
        -218,
        0,
        -215,
        218,
        0,
        215,
        218,
        0
      ],
      "indexes": [
        0,
        1,
        2,
        2,
        1,
        3
      ],
      "uv": [
        285,
        499,
        715,
        499,
        285,
        63,
        715,
        63
      ],
      "nuv": [
        0.285,
        0.11190053285968028,
        0.715,
        0.11190053285968028,
        0.285,
        0.8863232682060391,
        0.715,
        0.8863232682060391
      ],
      "minPos": {
        "x": -215,
        "y": -218,
        "z": 0
      },
      "maxPos": {
        "x": 215,
        "y": 218,
        "z": 0
      }
    },
    "texture": "4b337fe6-5a48-4e22-b17c-92fab707fde3@6c48a",
    "packable": true,
    "pixelsToUnit": 100,
    "pivot": {
      "x": 0.5,
      "y": 0.5
    },
    "meshType": 0
  }
}