{
  "__type__": "cc.SpriteFrame",
  "content": {
    "name": "Sad38",
    "atlas": "",
    "rect": {
      "x": 209,
      "y": 40,
      "width": 359,
      "height": 364
    },
    "offset": {
      "x": -11.5,
      "y": 3
    },
    "originalSize": {
      "width": 800,
      "height": 450
    },
    "rotated": false,
    "capInsets": [
      0,
      0,
      0,
      0
    ],
    "vertices": {
      "rawPosition": [
        -179.5,
        -182,
        0,
        179.5,
        -182,
        0,
        -179.5,
        182,
        0,
        179.5,
        182,
        0
      ],
      "indexes": [
        0,
        1,
        2,
        2,
        1,
        3
      ],
      "uv": [
        209,
        410,
        568,
        410,
        209,
        46,
        568,
        46
      ],
      "nuv": [
        0.26125,
        0.10222222222222223,
        0.71,
        0.10222222222222223,
        0.26125,
        0.9111111111111111,
        0.71,
        0.9111111111111111
      ],
      "minPos": {
        "x": -179.5,
        "y": -182,
        "z": 0
      },
      "maxPos": {
        "x": 179.5,
        "y": 182,
        "z": 0
      }
    },
    "texture": "4b9b5b1e-98d5-49a8-9c91-d19a339a73ca@6c48a",
    "packable": true,
    "pixelsToUnit": 100,
    "pivot": {
      "x": 0.5,
      "y": 0.5
    },
    "meshType": 0
  }
}