{
  "__type__": "cc.SpriteFrame",
  "content": {
    "name": "CallVn",
    "atlas": "",
    "rect": {
      "x": 12,
      "y": 10,
      "width": 1174,
      "height": 380
    },
    "offset": {
      "x": -1,
      "y": -2.5
    },
    "originalSize": {
      "width": 1200,
      "height": 395
    },
    "rotated": false,
    "capInsets": [
      0,
      0,
      0,
      0
    ],
    "vertices": {
      "rawPosition": [
        -587,
        -190,
        0,
        587,
        -190,
        0,
        -587,
        190,
        0,
        587,
        190,
        0
      ],
      "indexes": [
        0,
        1,
        2,
        2,
        1,
        3
      ],
      "uv": [
        12,
        385,
        1186,
        385,
        12,
        5,
        1186,
        5
      ],
      "nuv": [
        0.01,
        0.012658227848101266,
        0.9883333333333333,
        0.012658227848101266,
        0.01,
        0.9746835443037974,
        0.9883333333333333,
        0.9746835443037974
      ],
      "minPos": {
        "x": -587,
        "y": -190,
        "z": 0
      },
      "maxPos": {
        "x": 587,
        "y": 190,
        "z": 0
      }
    },
    "texture": "59717e20-d77e-4ad1-b969-92cd2fbf8956@6c48a",
    "packable": true,
    "pixelsToUnit": 100,
    "pivot": {
      "x": 0.5,
      "y": 0.5
    },
    "meshType": 0
  }
}