{
  "__type__": "cc.SpriteFrame",
  "content": {
    "name": "AllinVn",
    "atlas": "",
    "rect": {
      "x": 12,
      "y": 15,
      "width": 1174,
      "height": 380
    },
    "offset": {
      "x": 1.5,
      "y": -2.5
    },
    "originalSize": {
      "width": 1195,
      "height": 405
    },
    "rotated": false,
    "capInsets": [
      0,
      0,
      0,
      0
    ],
    "vertices": {
      "rawPosition": [
        -587,
        -190,
        0,
        587,
        -190,
        0,
        -587,
        190,
        0,
        587,
        190,
        0
      ],
      "indexes": [
        0,
        1,
        2,
        2,
        1,
        3
      ],
      "uv": [
        12,
        390,
        1186,
        390,
        12,
        10,
        1186,
        10
      ],
      "nuv": [
        0.0100418410041841,
        0.024691358024691357,
        0.9924686192468619,
        0.024691358024691357,
        0.0100418410041841,
        0.9629629629629629,
        0.9924686192468619,
        0.9629629629629629
      ],
      "minPos": {
        "x": -587,
        "y": -190,
        "z": 0
      },
      "maxPos": {
        "x": 587,
        "y": 190,
        "z": 0
      }
    },
    "texture": "a32731fd-2671-4fd2-b045-a812fc54a7bd@6c48a",
    "packable": true,
    "pixelsToUnit": 100,
    "pivot": {
      "x": 0.5,
      "y": 0.5
    },
    "meshType": 0
  }
}