{
  "__type__": "cc.SpriteFrame",
  "content": {
    "name": "wow85",
    "atlas": "",
    "rect": {
      "x": 1078,
      "y": 239,
      "width": 1805,
      "height": 1804
    },
    "offset": {
      "x": -67.5,
      "y": 11
    },
    "originalSize": {
      "width": 4096,
      "height": 2304
    },
    "rotated": false,
    "capInsets": [
      0,
      0,
      0,
      0
    ],
    "vertices": {
      "rawPosition": [
        -902.5,
        -902,
        0,
        902.5,
        -902,
        0,
        -902.5,
        902,
        0,
        902.5,
        902,
        0
      ],
      "indexes": [
        0,
        1,
        2,
        2,
        1,
        3
      ],
      "uv": [
        1078,
        2065,
        2883,
        2065,
        1078,
        261,
        2883,
        261
      ],
      "nuv": [
        0.26318359375,
        0.11328125,
        0.703857421875,
        0.11328125,
        0.26318359375,
        0.8962673611111112,
        0.703857421875,
        0.8962673611111112
      ],
      "minPos": {
        "x": -902.5,
        "y": -902,
        "z": 0
      },
      "maxPos": {
        "x": 902.5,
        "y": 902,
        "z": 0
      }
    },
    "texture": "485338b4-b0c6-4b53-a035-a1cb5d63e360@6c48a",
    "packable": true,
    "pixelsToUnit": 100,
    "pivot": {
      "x": 0.5,
      "y": 0.5
    },
    "meshType": 0
  }
}