{
  "__type__": "cc.SpriteFrame",
  "content": {
    "name": "nut keo",
    "atlas": "",
    "rect": {
      "x": 0,
      "y": 0,
      "width": 117,
      "height": 118
    },
    "offset": {
      "x": -0.5,
      "y": 0.5
    },
    "originalSize": {
      "width": 118,
      "height": 119
    },
    "rotated": false,
    "capInsets": [
      0,
      0,
      0,
      0
    ],
    "vertices": {
      "rawPosition": [
        -58.5,
        -59,
        0,
        58.5,
        -59,
        0,
        -58.5,
        59,
        0,
        58.5,
        59,
        0
      ],
      "indexes": [
        0,
        1,
        2,
        2,
        1,
        3
      ],
      "uv": [
        0,
        119,
        117,
        119,
        0,
        1,
        117,
        1
      ],
      "nuv": [
        0,
        0.008403361344537815,
        0.9915254237288136,
        0.008403361344537815,
        0,
        1,
        0.9915254237288136,
        1
      ],
      "minPos": {
        "x": -58.5,
        "y": -59,
        "z": 0
      },
      "maxPos": {
        "x": 58.5,
        "y": 59,
        "z": 0
      }
    },
    "texture": "66898b64-f707-4f23-9618-e0c4705d6b61@6c48a",
    "packable": true,
    "pixelsToUnit": 100,
    "pivot": {
      "x": 0.5,
      "y": 0.5
    },
    "meshType": 0
  }
}