{
  "__type__": "cc.SpriteFrame",
  "content": {
    "name": "RaiseVn",
    "atlas": "",
    "rect": {
      "x": 7,
      "y": 10,
      "width": 1174,
      "height": 380
    },
    "offset": {
      "x": -1,
      "y": 0
    },
    "originalSize": {
      "width": 1190,
      "height": 400
    },
    "rotated": false,
    "capInsets": [
      0,
      0,
      0,
      0
    ],
    "vertices": {
      "rawPosition": [
        -587,
        -190,
        0,
        587,
        -190,
        0,
        -587,
        190,
        0,
        587,
        190,
        0
      ],
      "indexes": [
        0,
        1,
        2,
        2,
        1,
        3
      ],
      "uv": [
        7,
        390,
        1181,
        390,
        7,
        10,
        1181,
        10
      ],
      "nuv": [
        0.0058823529411764705,
        0.025,
        0.992436974789916,
        0.025,
        0.0058823529411764705,
        0.975,
        0.992436974789916,
        0.975
      ],
      "minPos": {
        "x": -587,
        "y": -190,
        "z": 0
      },
      "maxPos": {
        "x": 587,
        "y": 190,
        "z": 0
      }
    },
    "texture": "26504b1d-87bb-43f0-8968-4794cac912bf@6c48a",
    "packable": true,
    "pixelsToUnit": 100,
    "pivot": {
      "x": 0.5,
      "y": 0.5
    },
    "meshType": 0
  }
}