{
  "__type__": "cc.SpriteFrame",
  "content": {
    "name": "wow20",
    "atlas": "",
    "rect": {
      "x": 1078,
      "y": 239,
      "width": 1805,
      "height": 1800
    },
    "offset": {
      "x": -67.5,
      "y": 13
    },
    "originalSize": {
      "width": 4096,
      "height": 2304
    },
    "rotated": false,
    "capInsets": [
      0,
      0,
      0,
      0
    ],
    "vertices": {
      "rawPosition": [
        -902.5,
        -900,
        0,
        902.5,
        -900,
        0,
        -902.5,
        900,
        0,
        902.5,
        900,
        0
      ],
      "indexes": [
        0,
        1,
        2,
        2,
        1,
        3
      ],
      "uv": [
        1078,
        2065,
        2883,
        2065,
        1078,
        265,
        2883,
        265
      ],
      "nuv": [
        0.26318359375,
        0.1150173611111111,
        0.703857421875,
        0.1150173611111111,
        0.26318359375,
        0.8962673611111112,
        0.703857421875,
        0.8962673611111112
      ],
      "minPos": {
        "x": -902.5,
        "y": -900,
        "z": 0
      },
      "maxPos": {
        "x": 902.5,
        "y": 900,
        "z": 0
      }
    },
    "texture": "d7d3c35a-7a4d-4fa7-b713-4111e5727b5c@6c48a",
    "packable": true,
    "pixelsToUnit": 100,
    "pivot": {
      "x": 0.5,
      "y": 0.5
    },
    "meshType": 0
  }
}