{
  "__type__": "cc.SpriteFrame",
  "content": {
    "name": "ButtonChat",
    "atlas": "",
    "rect": {
      "x": 7,
      "y": 15,
      "width": 1174,
      "height": 380
    },
    "offset": {
      "x": -1,
      "y": 0
    },
    "originalSize": {
      "width": 1190,
      "height": 410
    },
    "rotated": false,
    "capInsets": [
      0,
      0,
      0,
      0
    ],
    "vertices": {
      "rawPosition": [
        -587,
        -190,
        0,
        587,
        -190,
        0,
        -587,
        190,
        0,
        587,
        190,
        0
      ],
      "indexes": [
        0,
        1,
        2,
        2,
        1,
        3
      ],
      "uv": [
        7,
        395,
        1181,
        395,
        7,
        15,
        1181,
        15
      ],
      "nuv": [
        0.0058823529411764705,
        0.036585365853658534,
        0.992436974789916,
        0.036585365853658534,
        0.0058823529411764705,
        0.9634146341463414,
        0.992436974789916,
        0.9634146341463414
      ],
      "minPos": {
        "x": -587,
        "y": -190,
        "z": 0
      },
      "maxPos": {
        "x": 587,
        "y": 190,
        "z": 0
      }
    },
    "texture": "fd9fc27a-617d-47f0-88ba-2513a65c17ff@6c48a",
    "packable": true,
    "pixelsToUnit": 100,
    "pivot": {
      "x": 0.5,
      "y": 0.5
    },
    "meshType": 0
  }
}