{
  "__type__": "cc.SpriteFrame",
  "content": {
    "name": "Artboard 8 copy 8@2x",
    "atlas": "",
    "rect": {
      "x": 4,
      "y": 6,
      "width": 471,
      "height": 152
    },
    "offset": {
      "x": 1.5,
      "y": 0
    },
    "originalSize": {
      "width": 476,
      "height": 164
    },
    "rotated": false,
    "capInsets": [
      0,
      0,
      0,
      0
    ],
    "vertices": {
      "rawPosition": [
        -235.5,
        -76,
        0,
        235.5,
        -76,
        0,
        -235.5,
        76,
        0,
        235.5,
        76,
        0
      ],
      "indexes": [
        0,
        1,
        2,
        2,
        1,
        3
      ],
      "uv": [
        4,
        158,
        475,
        158,
        4,
        6,
        475,
        6
      ],
      "nuv": [
        0.008403361344537815,
        0.036585365853658534,
        0.9978991596638656,
        0.036585365853658534,
        0.008403361344537815,
        0.9634146341463414,
        0.9978991596638656,
        0.9634146341463414
      ],
      "minPos": {
        "x": -235.5,
        "y": -76,
        "z": 0
      },
      "maxPos": {
        "x": 235.5,
        "y": 76,
        "z": 0
      }
    },
    "texture": "7445d1c4-6d59-4691-8295-f6e18a13c338@6c48a",
    "packable": true,
    "pixelsToUnit": 100,
    "pivot": {
      "x": 0.5,
      "y": 0.5
    },
    "meshType": 0
  }
}