{
  "__type__": "cc.SpriteFrame",
  "content": {
    "name": "player",
    "atlas": "",
    "rect": {
      "x": 16,
      "y": 5,
      "width": 331,
      "height": 335
    },
    "offset": {
      "x": 3.5,
      "y": 0.5
    },
    "originalSize": {
      "width": 356,
      "height": 346
    },
    "rotated": false,
    "capInsets": [
      0,
      0,
      0,
      0
    ],
    "vertices": {
      "rawPosition": [
        -165.5,
        -167.5,
        0,
        165.5,
        -167.5,
        0,
        -165.5,
        167.5,
        0,
        165.5,
        167.5,
        0
      ],
      "indexes": [
        0,
        1,
        2,
        2,
        1,
        3
      ],
      "uv": [
        16,
        341,
        347,
        341,
        16,
        6,
        347,
        6
      ],
      "nuv": [
        0.0449438202247191,
        0.017341040462427744,
        0.9747191011235955,
        0.017341040462427744,
        0.0449438202247191,
        0.9855491329479769,
        0.9747191011235955,
        0.9855491329479769
      ],
      "minPos": {
        "x": -165.5,
        "y": -167.5,
        "z": 0
      },
      "maxPos": {
        "x": 165.5,
        "y": 167.5,
        "z": 0
      }
    },
    "texture": "74eee2e9-f2eb-4a41-bba7-fb2a1ce5f8ad@6c48a",
    "packable": true,
    "pixelsToUnit": 100,
    "pivot": {
      "x": 0.5,
      "y": 0.5
    },
    "meshType": 0
  }
}