{
  "__type__": "cc.SpriteFrame",
  "content": {
    "name": "60",
    "atlas": "",
    "rect": {
      "x": 149,
      "y": 39,
      "width": 207,
      "height": 207
    },
    "offset": {
      "x": 2.5,
      "y": -2
    },
    "originalSize": {
      "width": 500,
      "height": 281
    },
    "rotated": false,
    "capInsets": [
      0,
      0,
      0,
      0
    ],
    "vertices": {
      "rawPosition": [
        -103.5,
        -103.5,
        0,
        103.5,
        -103.5,
        0,
        -103.5,
        103.5,
        0,
        103.5,
        103.5,
        0
      ],
      "indexes": [
        0,
        1,
        2,
        2,
        1,
        3
      ],
      "uv": [
        149,
        242,
        356,
        242,
        149,
        35,
        356,
        35
      ],
      "nuv": [
        0.298,
        0.12455516014234876,
        0.712,
        0.12455516014234876,
        0.298,
        0.8612099644128114,
        0.712,
        0.8612099644128114
      ],
      "minPos": {
        "x": -103.5,
        "y": -103.5,
        "z": 0
      },
      "maxPos": {
        "x": 103.5,
        "y": 103.5,
        "z": 0
      }
    },
    "texture": "e099e6ff-0402-478a-8c57-6f0c4f47ca17@6c48a",
    "packable": true,
    "pixelsToUnit": 100,
    "pivot": {
      "x": 0.5,
      "y": 0.5
    },
    "meshType": 0
  }
}