{
  "__type__": "cc.SpriteFrame",
  "content": {
    "name": "ButtonCheck",
    "atlas": "",
    "rect": {
      "x": 12,
      "y": 15,
      "width": 1174,
      "height": 380
    },
    "offset": {
      "x": 4,
      "y": 0
    },
    "originalSize": {
      "width": 1190,
      "height": 410
    },
    "rotated": false,
    "capInsets": [
      0,
      0,
      0,
      0
    ],
    "vertices": {
      "rawPosition": [
        -587,
        -190,
        0,
        587,
        -190,
        0,
        -587,
        190,
        0,
        587,
        190,
        0
      ],
      "indexes": [
        0,
        1,
        2,
        2,
        1,
        3
      ],
      "uv": [
        12,
        395,
        1186,
        395,
        12,
        15,
        1186,
        15
      ],
      "nuv": [
        0.010084033613445379,
        0.036585365853658534,
        0.9966386554621849,
        0.036585365853658534,
        0.010084033613445379,
        0.9634146341463414,
        0.9966386554621849,
        0.9634146341463414
      ],
      "minPos": {
        "x": -587,
        "y": -190,
        "z": 0
      },
      "maxPos": {
        "x": 587,
        "y": 190,
        "z": 0
      }
    },
    "texture": "dcb16a9b-6df2-47c7-b16b-56dfd23ddc48@6c48a",
    "packable": true,
    "pixelsToUnit": 100,
    "pivot": {
      "x": 0.5,
      "y": 0.5
    },
    "meshType": 0
  }
}