{
  "__type__": "cc.SpriteFrame",
  "content": {
    "name": "x2 reward",
    "atlas": "",
    "rect": {
      "x": 7,
      "y": 8,
      "width": 407,
      "height": 88
    },
    "offset": {
      "x": 0,
      "y": 0
    },
    "originalSize": {
      "width": 421,
      "height": 104
    },
    "rotated": false,
    "capInsets": [
      0,
      0,
      0,
      0
    ],
    "vertices": {
      "rawPosition": [
        -203.5,
        -44,
        0,
        203.5,
        -44,
        0,
        -203.5,
        44,
        0,
        203.5,
        44,
        0
      ],
      "indexes": [
        0,
        1,
        2,
        2,
        1,
        3
      ],
      "uv": [
        7,
        96,
        414,
        96,
        7,
        8,
        414,
        8
      ],
      "nuv": [
        0.0166270783847981,
        0.07692307692307693,
        0.9833729216152018,
        0.07692307692307693,
        0.0166270783847981,
        0.9230769230769231,
        0.9833729216152018,
        0.9230769230769231
      ],
      "minPos": {
        "x": -203.5,
        "y": -44,
        "z": 0
      },
      "maxPos": {
        "x": 203.5,
        "y": 44,
        "z": 0
      }
    },
    "texture": "75284b51-728f-4630-8019-fa67492c89c9@6c48a",
    "packable": true,
    "pixelsToUnit": 100,
    "pivot": {
      "x": 0.5,
      "y": 0.5
    },
    "meshType": 0
  }
}