{
  "__type__": "cc.SpriteFrame",
  "content": {
    "name": "boxRaise",
    "atlas": "",
    "rect": {
      "x": 0,
      "y": 0,
      "width": 901,
      "height": 198
    },
    "offset": {
      "x": 0,
      "y": 0.5
    },
    "originalSize": {
      "width": 901,
      "height": 199
    },
    "rotated": false,
    "capInsets": [
      0,
      0,
      0,
      0
    ],
    "vertices": {
      "rawPosition": [
        -450.5,
        -99,
        0,
        450.5,
        -99,
        0,
        -450.5,
        99,
        0,
        450.5,
        99,
        0
      ],
      "indexes": [
        0,
        1,
        2,
        2,
        1,
        3
      ],
      "uv": [
        0,
        199,
        901,
        199,
        0,
        1,
        901,
        1
      ],
      "nuv": [
        0,
        0.005025125628140704,
        1,
        0.005025125628140704,
        0,
        1,
        1,
        1
      ],
      "minPos": {
        "x": -450.5,
        "y": -99,
        "z": 0
      },
      "maxPos": {
        "x": 450.5,
        "y": 99,
        "z": 0
      }
    },
    "texture": "db368fec-6b37-40e9-a6b5-4404209a5edb@6c48a",
    "packable": true,
    "pixelsToUnit": 100,
    "pivot": {
      "x": 0.5,
      "y": 0.5
    },
    "meshType": 0
  }
}