{
  "__type__": "cc.SpriteFrame",
  "content": {
    "name": "FoldActiveVn",
    "atlas": "",
    "rect": {
      "x": 15,
      "y": 16,
      "width": 1160,
      "height": 376
    },
    "offset": {
      "x": 0,
      "y": 1
    },
    "originalSize": {
      "width": 1190,
      "height": 410
    },
    "rotated": false,
    "capInsets": [
      0,
      0,
      0,
      0
    ],
    "vertices": {
      "rawPosition": [
        -580,
        -188,
        0,
        580,
        -188,
        0,
        -580,
        188,
        0,
        580,
        188,
        0
      ],
      "indexes": [
        0,
        1,
        2,
        2,
        1,
        3
      ],
      "uv": [
        15,
        394,
        1175,
        394,
        15,
        18,
        1175,
        18
      ],
      "nuv": [
        0.012605042016806723,
        0.04390243902439024,
        0.9873949579831933,
        0.04390243902439024,
        0.012605042016806723,
        0.9609756097560975,
        0.9873949579831933,
        0.9609756097560975
      ],
      "minPos": {
        "x": -580,
        "y": -188,
        "z": 0
      },
      "maxPos": {
        "x": 580,
        "y": 188,
        "z": 0
      }
    },
    "texture": "c5cb793e-07f4-498f-aed6-db10d5c8a926@6c48a",
    "packable": true,
    "pixelsToUnit": 100,
    "pivot": {
      "x": 0.5,
      "y": 0.5
    },
    "meshType": 0
  }
}