{
  "__type__": "cc.SpriteFrame",
  "content": {
    "name": "ButtonCallActive",
    "atlas": "",
    "rect": {
      "x": 25,
      "y": 19,
      "width": 1135,
      "height": 368
    },
    "offset": {
      "x": -2.5,
      "y": 2
    },
    "originalSize": {
      "width": 1190,
      "height": 410
    },
    "rotated": false,
    "capInsets": [
      0,
      0,
      0,
      0
    ],
    "vertices": {
      "rawPosition": [
        -567.5,
        -184,
        0,
        567.5,
        -184,
        0,
        -567.5,
        184,
        0,
        567.5,
        184,
        0
      ],
      "indexes": [
        0,
        1,
        2,
        2,
        1,
        3
      ],
      "uv": [
        25,
        391,
        1160,
        391,
        25,
        23,
        1160,
        23
      ],
      "nuv": [
        0.02100840336134454,
        0.05609756097560976,
        0.9747899159663865,
        0.05609756097560976,
        0.02100840336134454,
        0.9536585365853658,
        0.9747899159663865,
        0.9536585365853658
      ],
      "minPos": {
        "x": -567.5,
        "y": -184,
        "z": 0
      },
      "maxPos": {
        "x": 567.5,
        "y": 184,
        "z": 0
      }
    },
    "texture": "de1fce78-169a-4286-a539-24c88513c6f4@6c48a",
    "packable": true,
    "pixelsToUnit": 100,
    "pivot": {
      "x": 0.5,
      "y": 0.5
    },
    "meshType": 0
  }
}