{
  "__type__": "cc.SpriteFrame",
  "content": {
    "name": "countdown",
    "atlas": "",
    "rect": {
      "x": 12,
      "y": 13,
      "width": 273,
      "height": 273
    },
    "offset": {
      "x": -1.5,
      "y": 0.5
    },
    "originalSize": {
      "width": 300,
      "height": 300
    },
    "rotated": false,
    "capInsets": [
      0,
      0,
      0,
      0
    ],
    "vertices": {
      "rawPosition": [
        -136.5,
        -136.5,
        0,
        136.5,
        -136.5,
        0,
        -136.5,
        136.5,
        0,
        136.5,
        136.5,
        0
      ],
      "indexes": [
        0,
        1,
        2,
        2,
        1,
        3
      ],
      "uv": [
        12,
        287,
        285,
        287,
        12,
        14,
        285,
        14
      ],
      "nuv": [
        0.04,
        0.04666666666666667,
        0.95,
        0.04666666666666667,
        0.04,
        0.9566666666666667,
        0.95,
        0.9566666666666667
      ],
      "minPos": {
        "x": -136.5,
        "y": -136.5,
        "z": 0
      },
      "maxPos": {
        "x": 136.5,
        "y": 136.5,
        "z": 0
      }
    },
    "texture": "502e47f2-e0fa-4f47-8135-a1e4297858ff@6c48a",
    "packable": true,
    "pixelsToUnit": 100,
    "pivot": {
      "x": 0.5,
      "y": 0.5
    },
    "meshType": 0
  }
}