{
  "__type__": "cc.SpriteFrame",
  "content": {
    "name": "ButtonRaiseActive",
    "atlas": "",
    "rect": {
      "x": 10,
      "y": 18,
      "width": 1170,
      "height": 379
    },
    "offset": {
      "x": 0,
      "y": -2.5
    },
    "originalSize": {
      "width": 1190,
      "height": 410
    },
    "rotated": false,
    "capInsets": [
      0,
      0,
      0,
      0
    ],
    "vertices": {
      "rawPosition": [
        -585,
        -189.5,
        0,
        585,
        -189.5,
        0,
        -585,
        189.5,
        0,
        585,
        189.5,
        0
      ],
      "indexes": [
        0,
        1,
        2,
        2,
        1,
        3
      ],
      "uv": [
        10,
        392,
        1180,
        392,
        10,
        13,
        1180,
        13
      ],
      "nuv": [
        0.008403361344537815,
        0.03170731707317073,
        0.9915966386554622,
        0.03170731707317073,
        0.008403361344537815,
        0.9560975609756097,
        0.9915966386554622,
        0.9560975609756097
      ],
      "minPos": {
        "x": -585,
        "y": -189.5,
        "z": 0
      },
      "maxPos": {
        "x": 585,
        "y": 189.5,
        "z": 0
      }
    },
    "texture": "5083cc37-349c-453d-8b50-fa1b0327ad9d@6c48a",
    "packable": true,
    "pixelsToUnit": 100,
    "pivot": {
      "x": 0.5,
      "y": 0.5
    },
    "meshType": 0
  }
}