{
  "__type__": "cc.SpriteFrame",
  "content": {
    "name": "Artboard 8 copy 10@2x",
    "atlas": "",
    "rect": {
      "x": 5,
      "y": 4,
      "width": 466,
      "height": 152
    },
    "offset": {
      "x": 0,
      "y": 2
    },
    "originalSize": {
      "width": 476,
      "height": 164
    },
    "rotated": false,
    "capInsets": [
      0,
      0,
      0,
      0
    ],
    "vertices": {
      "rawPosition": [
        -233,
        -76,
        0,
        233,
        -76,
        0,
        -233,
        76,
        0,
        233,
        76,
        0
      ],
      "indexes": [
        0,
        1,
        2,
        2,
        1,
        3
      ],
      "uv": [
        5,
        160,
        471,
        160,
        5,
        8,
        471,
        8
      ],
      "nuv": [
        0.01050420168067227,
        0.04878048780487805,
        0.9894957983193278,
        0.04878048780487805,
        0.01050420168067227,
        0.975609756097561,
        0.9894957983193278,
        0.975609756097561
      ],
      "minPos": {
        "x": -233,
        "y": -76,
        "z": 0
      },
      "maxPos": {
        "x": 233,
        "y": 76,
        "z": 0
      }
    },
    "texture": "f1a741b1-3f86-4600-ba50-1b5108e64b85@6c48a",
    "packable": true,
    "pixelsToUnit": 100,
    "pivot": {
      "x": 0.5,
      "y": 0.5
    },
    "meshType": 0
  }
}