{
  "__type__": "cc.SpriteFrame",
  "content": {
    "name": "pot (1)",
    "atlas": "",
    "rect": {
      "x": 2,
      "y": 0,
      "width": 939,
      "height": 282
    },
    "offset": {
      "x": 0,
      "y": 0.5
    },
    "originalSize": {
      "width": 943,
      "height": 283
    },
    "rotated": false,
    "capInsets": [
      0,
      0,
      0,
      0
    ],
    "vertices": {
      "rawPosition": [
        -469.5,
        -141,
        0,
        469.5,
        -141,
        0,
        -469.5,
        141,
        0,
        469.5,
        141,
        0
      ],
      "indexes": [
        0,
        1,
        2,
        2,
        1,
        3
      ],
      "uv": [
        2,
        283,
        941,
        283,
        2,
        1,
        941,
        1
      ],
      "nuv": [
        0.0021208907741251328,
        0.0035335689045936395,
        0.9978791092258749,
        0.0035335689045936395,
        0.0021208907741251328,
        1,
        0.9978791092258749,
        1
      ],
      "minPos": {
        "x": -469.5,
        "y": -141,
        "z": 0
      },
      "maxPos": {
        "x": 469.5,
        "y": 141,
        "z": 0
      }
    },
    "texture": "b26516cd-e4c5-458e-93b4-b1283c992261@6c48a",
    "packable": true,
    "pixelsToUnit": 100,
    "pivot": {
      "x": 0.5,
      "y": 0.5
    },
    "meshType": 0
  }
}