{
  "__type__": "cc.SpriteFrame",
  "content": {
    "name": "124",
    "atlas": "",
    "rect": {
      "x": 287,
      "y": 61,
      "width": 428,
      "height": 435
    },
    "offset": {
      "x": 1,
      "y": 3
    },
    "originalSize": {
      "width": 1000,
      "height": 563
    },
    "rotated": false,
    "capInsets": [
      0,
      0,
      0,
      0
    ],
    "vertices": {
      "rawPosition": [
        -214,
        -217.5,
        0,
        214,
        -217.5,
        0,
        -214,
        217.5,
        0,
        214,
        217.5,
        0
      ],
      "indexes": [
        0,
        1,
        2,
        2,
        1,
        3
      ],
      "uv": [
        287,
        502,
        715,
        502,
        287,
        67,
        715,
        67
      ],
      "nuv": [
        0.287,
        0.11900532859680284,
        0.715,
        0.11900532859680284,
        0.287,
        0.8916518650088809,
        0.715,
        0.8916518650088809
      ],
      "minPos": {
        "x": -214,
        "y": -217.5,
        "z": 0
      },
      "maxPos": {
        "x": 214,
        "y": 217.5,
        "z": 0
      }
    },
    "texture": "c75c3056-0b95-43f2-a816-de34d45489c5@6c48a",
    "packable": true,
    "pixelsToUnit": 100,
    "pivot": {
      "x": 0.5,
      "y": 0.5
    },
    "meshType": 0
  }
}