{
  "__type__": "cc.SpriteFrame",
  "content": {
    "name": "36",
    "atlas": "",
    "rect": {
      "x": 150,
      "y": 39,
      "width": 206,
      "height": 207
    },
    "offset": {
      "x": 3,
      "y": -2
    },
    "originalSize": {
      "width": 500,
      "height": 281
    },
    "rotated": false,
    "capInsets": [
      0,
      0,
      0,
      0
    ],
    "vertices": {
      "rawPosition": [
        -103,
        -103.5,
        0,
        103,
        -103.5,
        0,
        -103,
        103.5,
        0,
        103,
        103.5,
        0
      ],
      "indexes": [
        0,
        1,
        2,
        2,
        1,
        3
      ],
      "uv": [
        150,
        242,
        356,
        242,
        150,
        35,
        356,
        35
      ],
      "nuv": [
        0.3,
        0.12455516014234876,
        0.712,
        0.12455516014234876,
        0.3,
        0.8612099644128114,
        0.712,
        0.8612099644128114
      ],
      "minPos": {
        "x": -103,
        "y": -103.5,
        "z": 0
      },
      "maxPos": {
        "x": 103,
        "y": 103.5,
        "z": 0
      }
    },
    "texture": "c7d60faa-4002-4a1c-93f5-9025e9138a3d@6c48a",
    "packable": true,
    "pixelsToUnit": 100,
    "pivot": {
      "x": 0.5,
      "y": 0.5
    },
    "meshType": 0
  }
}