{
  "__type__": "cc.SpriteFrame",
  "content": {
    "name": "chip ",
    "atlas": "",
    "rect": {
      "x": 118,
      "y": 0,
      "width": 347,
      "height": 373
    },
    "offset": {
      "x": 59,
      "y": 4.5
    },
    "originalSize": {
      "width": 465,
      "height": 382
    },
    "rotated": false,
    "capInsets": [
      0,
      0,
      0,
      0
    ],
    "vertices": {
      "rawPosition": [
        -173.5,
        -186.5,
        0,
        173.5,
        -186.5,
        0,
        -173.5,
        186.5,
        0,
        173.5,
        186.5,
        0
      ],
      "indexes": [
        0,
        1,
        2,
        2,
        1,
        3
      ],
      "uv": [
        118,
        382,
        465,
        382,
        118,
        9,
        465,
        9
      ],
      "nuv": [
        0.2537634408602151,
        0.02356020942408377,
        1,
        0.02356020942408377,
        0.2537634408602151,
        1,
        1,
        1
      ],
      "minPos": {
        "x": -173.5,
        "y": -186.5,
        "z": 0
      },
      "maxPos": {
        "x": 173.5,
        "y": 186.5,
        "z": 0
      }
    },
    "texture": "81a61362-87da-4356-b76f-b65235c82379@6c48a",
    "packable": true,
    "pixelsToUnit": 100,
    "pivot": {
      "x": 0.5,
      "y": 0.5
    },
    "meshType": 0
  }
}