{
  "__type__": "cc.SpriteFrame",
  "content": {
    "name": "40",
    "atlas": "",
    "rect": {
      "x": 285,
      "y": 64,
      "width": 430,
      "height": 437
    },
    "offset": {
      "x": 0,
      "y": -1
    },
    "originalSize": {
      "width": 1000,
      "height": 563
    },
    "rotated": false,
    "capInsets": [
      0,
      0,
      0,
      0
    ],
    "vertices": {
      "rawPosition": [
        -215,
        -218.5,
        0,
        215,
        -218.5,
        0,
        -215,
        218.5,
        0,
        215,
        218.5,
        0
      ],
      "indexes": [
        0,
        1,
        2,
        2,
        1,
        3
      ],
      "uv": [
        285,
        499,
        715,
        499,
        285,
        62,
        715,
        62
      ],
      "nuv": [
        0.285,
        0.11012433392539965,
        0.715,
        0.11012433392539965,
        0.285,
        0.8863232682060391,
        0.715,
        0.8863232682060391
      ],
      "minPos": {
        "x": -215,
        "y": -218.5,
        "z": 0
      },
      "maxPos": {
        "x": 215,
        "y": 218.5,
        "z": 0
      }
    },
    "texture": "2a39fa1c-1593-49ba-9d8d-1bdaa3a574fc@6c48a",
    "packable": true,
    "pixelsToUnit": 100,
    "pivot": {
      "x": 0.5,
      "y": 0.5
    },
    "meshType": 0
  }
}