{
  "__type__": "cc.SpriteFrame",
  "content": {
    "name": "class room",
    "atlas": "",
    "rect": {
      "x": 0,
      "y": 1,
      "width": 3517,
      "height": 2335
    },
    "offset": {
      "x": 0,
      "y": -0.5
    },
    "originalSize": {
      "width": 3517,
      "height": 2336
    },
    "rotated": false,
    "capInsets": [
      0,
      0,
      0,
      0
    ],
    "vertices": {
      "rawPosition": [
        -1758.5,
        -1167.5,
        0,
        1758.5,
        -1167.5,
        0,
        -1758.5,
        1167.5,
        0,
        1758.5,
        1167.5,
        0
      ],
      "indexes": [
        0,
        1,
        2,
        2,
        1,
        3
      ],
      "uv": [
        0,
        2335,
        3517,
        2335,
        0,
        0,
        3517,
        0
      ],
      "nuv": [
        0,
        0,
        1,
        0,
        0,
        0.9995719178082192,
        1,
        0.9995719178082192
      ],
      "minPos": {
        "x": -1758.5,
        "y": -1167.5,
        "z": 0
      },
      "maxPos": {
        "x": 1758.5,
        "y": 1167.5,
        "z": 0
      }
    },
    "texture": "0785c855-ea32-422e-bd85-48e3148042b8@6c48a",
    "packable": true,
    "pixelsToUnit": 100,
    "pivot": {
      "x": 0.5,
      "y": 0.5
    },
    "meshType": 0
  }
}