{
  "__type__": "cc.SpriteFrame",
  "content": {
    "name": "premium-room-girl",
    "atlas": "",
    "rect": {
      "x": 11,
      "y": 5,
      "width": 318,
      "height": 218
    },
    "offset": {
      "x": 0.5,
      "y": 0.5
    },
    "originalSize": {
      "width": 339,
      "height": 229
    },
    "rotated": false,
    "capInsets": [
      0,
      0,
      0,
      0
    ],
    "vertices": {
      "rawPosition": [
        -159,
        -109,
        0,
        159,
        -109,
        0,
        -159,
        109,
        0,
        159,
        109,
        0
      ],
      "indexes": [
        0,
        1,
        2,
        2,
        1,
        3
      ],
      "uv": [
        11,
        224,
        329,
        224,
        11,
        6,
        329,
        6
      ],
      "nuv": [
        0.032448377581120944,
        0.026200873362445413,
        0.9705014749262537,
        0.026200873362445413,
        0.032448377581120944,
        0.9781659388646288,
        0.9705014749262537,
        0.9781659388646288
      ],
      "minPos": {
        "x": -159,
        "y": -109,
        "z": 0
      },
      "maxPos": {
        "x": 159,
        "y": 109,
        "z": 0
      }
    },
    "texture": "63b8c9b6-ce16-454c-957d-47503936d4ba@6c48a",
    "packable": true,
    "pixelsToUnit": 100,
    "pivot": {
      "x": 0.5,
      "y": 0.5
    },
    "meshType": 0
  }
}