{
  "__type__": "cc.SpriteFrame",
  "content": {
    "name": "6",
    "atlas": "",
    "rect": {
      "x": 0,
      "y": 0,
      "width": 169,
      "height": 225
    },
    "offset": {
      "x": -0.5,
      "y": 0.5
    },
    "originalSize": {
      "width": 170,
      "height": 226
    },
    "rotated": false,
    "capInsets": [
      0,
      0,
      0,
      0
    ],
    "vertices": {
      "rawPosition": [
        -84.5,
        -112.5,
        0,
        84.5,
        -112.5,
        0,
        -84.5,
        112.5,
        0,
        84.5,
        112.5,
        0
      ],
      "indexes": [
        0,
        1,
        2,
        2,
        1,
        3
      ],
      "uv": [
        0,
        226,
        169,
        226,
        0,
        1,
        169,
        1
      ],
      "nuv": [
        0,
        0.004424778761061947,
        0.9941176470588236,
        0.004424778761061947,
        0,
        1,
        0.9941176470588236,
        1
      ],
      "minPos": {
        "x": -84.5,
        "y": -112.5,
        "z": 0
      },
      "maxPos": {
        "x": 84.5,
        "y": 112.5,
        "z": 0
      }
    },
    "texture": "61005431-c799-479c-95fb-f1925f30e1c0@6c48a",
    "packable": true,
    "pixelsToUnit": 100,
    "pivot": {
      "x": 0.5,
      "y": 0.5
    },
    "meshType": 0
  }
}