{
  "__type__": "cc.SpriteFrame",
  "content": {
    "name": "CallActiveVn",
    "atlas": "",
    "rect": {
      "x": 25,
      "y": 19,
      "width": 1136,
      "height": 368
    },
    "offset": {
      "x": -2,
      "y": 2
    },
    "originalSize": {
      "width": 1190,
      "height": 410
    },
    "rotated": false,
    "capInsets": [
      0,
      0,
      0,
      0
    ],
    "vertices": {
      "rawPosition": [
        -568,
        -184,
        0,
        568,
        -184,
        0,
        -568,
        184,
        0,
        568,
        184,
        0
      ],
      "indexes": [
        0,
        1,
        2,
        2,
        1,
        3
      ],
      "uv": [
        25,
        391,
        1161,
        391,
        25,
        23,
        1161,
        23
      ],
      "nuv": [
        0.02100840336134454,
        0.05609756097560976,
        0.9756302521008403,
        0.05609756097560976,
        0.02100840336134454,
        0.9536585365853658,
        0.9756302521008403,
        0.9536585365853658
      ],
      "minPos": {
        "x": -568,
        "y": -184,
        "z": 0
      },
      "maxPos": {
        "x": 568,
        "y": 184,
        "z": 0
      }
    },
    "texture": "795092ec-3436-455b-93ca-a4aceb923318@6c48a",
    "packable": true,
    "pixelsToUnit": 100,
    "pivot": {
      "x": 0.5,
      "y": 0.5
    },
    "meshType": 0
  }
}