{
  "__type__": "cc.SpriteFrame",
  "content": {
    "name": "login-girl",
    "atlas": "",
    "rect": {
      "x": 12,
      "y": 24,
      "width": 600,
      "height": 841
    },
    "offset": {
      "x": 0.5,
      "y": -12
    },
    "originalSize": {
      "width": 623,
      "height": 865
    },
    "rotated": false,
    "capInsets": [
      0,
      0,
      0,
      0
    ],
    "vertices": {
      "rawPosition": [
        -300,
        -420.5,
        0,
        300,
        -420.5,
        0,
        -300,
        420.5,
        0,
        300,
        420.5,
        0
      ],
      "indexes": [
        0,
        1,
        2,
        2,
        1,
        3
      ],
      "uv": [
        12,
        841,
        612,
        841,
        12,
        0,
        612,
        0
      ],
      "nuv": [
        0.019261637239165328,
        0,
        0.9823434991974318,
        0,
        0.019261637239165328,
        0.9722543352601156,
        0.9823434991974318,
        0.9722543352601156
      ],
      "minPos": {
        "x": -300,
        "y": -420.5,
        "z": 0
      },
      "maxPos": {
        "x": 300,
        "y": 420.5,
        "z": 0
      }
    },
    "texture": "1658d9cd-222c-4d02-8236-22262fce8077@6c48a",
    "packable": true,
    "pixelsToUnit": 100,
    "pivot": {
      "x": 0.5,
      "y": 0.5
    },
    "meshType": 0
  }
}