{
  "__type__": "cc.SpriteFrame",
  "content": {
    "name": "25",
    "atlas": "",
    "rect": {
      "x": 149,
      "y": 39,
      "width": 207,
      "height": 206
    },
    "offset": {
      "x": 2.5,
      "y": -1.5
    },
    "originalSize": {
      "width": 500,
      "height": 281
    },
    "rotated": false,
    "capInsets": [
      0,
      0,
      0,
      0
    ],
    "vertices": {
      "rawPosition": [
        -103.5,
        -103,
        0,
        103.5,
        -103,
        0,
        -103.5,
        103,
        0,
        103.5,
        103,
        0
      ],
      "indexes": [
        0,
        1,
        2,
        2,
        1,
        3
      ],
      "uv": [
        149,
        242,
        356,
        242,
        149,
        36,
        356,
        36
      ],
      "nuv": [
        0.298,
        0.12811387900355872,
        0.712,
        0.12811387900355872,
        0.298,
        0.8612099644128114,
        0.712,
        0.8612099644128114
      ],
      "minPos": {
        "x": -103.5,
        "y": -103,
        "z": 0
      },
      "maxPos": {
        "x": 103.5,
        "y": 103,
        "z": 0
      }
    },
    "texture": "b7836437-3668-482a-be3a-54b464741962@6c48a",
    "packable": true,
    "pixelsToUnit": 100,
    "pivot": {
      "x": 0.5,
      "y": 0.5
    },
    "meshType": 0
  }
}