{
  "__type__": "cc.SpriteFrame",
  "content": {
    "name": "bnt claim",
    "atlas": "",
    "rect": {
      "x": 1,
      "y": 1,
      "width": 529,
      "height": 170
    },
    "offset": {
      "x": 0.5,
      "y": -0.5
    },
    "originalSize": {
      "width": 530,
      "height": 171
    },
    "rotated": false,
    "capInsets": [
      0,
      0,
      0,
      0
    ],
    "vertices": {
      "rawPosition": [
        -264.5,
        -85,
        0,
        264.5,
        -85,
        0,
        -264.5,
        85,
        0,
        264.5,
        85,
        0
      ],
      "indexes": [
        0,
        1,
        2,
        2,
        1,
        3
      ],
      "uv": [
        1,
        170,
        530,
        170,
        1,
        0,
        530,
        0
      ],
      "nuv": [
        0.0018867924528301887,
        0,
        1,
        0,
        0.0018867924528301887,
        0.9941520467836257,
        1,
        0.9941520467836257
      ],
      "minPos": {
        "x": -264.5,
        "y": -85,
        "z": 0
      },
      "maxPos": {
        "x": 264.5,
        "y": 85,
        "z": 0
      }
    },
    "texture": "3af19f83-9ec5-4582-b3e4-56c8343e6063@6c48a",
    "packable": true,
    "pixelsToUnit": 100,
    "pivot": {
      "x": 0.5,
      "y": 0.5
    },
    "meshType": 0
  }
}