{
  "__type__": "cc.SpriteFrame",
  "content": {
    "name": "Sad52",
    "atlas": "",
    "rect": {
      "x": 208,
      "y": 40,
      "width": 360,
      "height": 364
    },
    "offset": {
      "x": -12,
      "y": 3
    },
    "originalSize": {
      "width": 800,
      "height": 450
    },
    "rotated": false,
    "capInsets": [
      0,
      0,
      0,
      0
    ],
    "vertices": {
      "rawPosition": [
        -180,
        -182,
        0,
        180,
        -182,
        0,
        -180,
        182,
        0,
        180,
        182,
        0
      ],
      "indexes": [
        0,
        1,
        2,
        2,
        1,
        3
      ],
      "uv": [
        208,
        410,
        568,
        410,
        208,
        46,
        568,
        46
      ],
      "nuv": [
        0.26,
        0.10222222222222223,
        0.71,
        0.10222222222222223,
        0.26,
        0.9111111111111111,
        0.71,
        0.9111111111111111
      ],
      "minPos": {
        "x": -180,
        "y": -182,
        "z": 0
      },
      "maxPos": {
        "x": 180,
        "y": 182,
        "z": 0
      }
    },
    "texture": "1d937246-6128-411f-b1e5-a903f067d64d@6c48a",
    "packable": true,
    "pixelsToUnit": 100,
    "pivot": {
      "x": 0.5,
      "y": 0.5
    },
    "meshType": 0
  }
}