{
  "__type__": "cc.SpriteFrame",
  "content": {
    "name": "AllinActiveVn",
    "atlas": "",
    "rect": {
      "x": 17,
      "y": 18,
      "width": 1159,
      "height": 376
    },
    "offset": {
      "x": 1.5,
      "y": -1
    },
    "originalSize": {
      "width": 1190,
      "height": 410
    },
    "rotated": false,
    "capInsets": [
      0,
      0,
      0,
      0
    ],
    "vertices": {
      "rawPosition": [
        -579.5,
        -188,
        0,
        579.5,
        -188,
        0,
        -579.5,
        188,
        0,
        579.5,
        188,
        0
      ],
      "indexes": [
        0,
        1,
        2,
        2,
        1,
        3
      ],
      "uv": [
        17,
        392,
        1176,
        392,
        17,
        16,
        1176,
        16
      ],
      "nuv": [
        0.014285714285714285,
        0.03902439024390244,
        0.9882352941176471,
        0.03902439024390244,
        0.014285714285714285,
        0.9560975609756097,
        0.9882352941176471,
        0.9560975609756097
      ],
      "minPos": {
        "x": -579.5,
        "y": -188,
        "z": 0
      },
      "maxPos": {
        "x": 579.5,
        "y": 188,
        "z": 0
      }
    },
    "texture": "78225958-a619-490f-a2c5-ee314c477299@6c48a",
    "packable": true,
    "pixelsToUnit": 100,
    "pivot": {
      "x": 0.5,
      "y": 0.5
    },
    "meshType": 0
  }
}