{
  "__type__": "cc.SpriteFrame",
  "content": {
    "name": "31",
    "atlas": "",
    "rect": {
      "x": 287,
      "y": 65,
      "width": 428,
      "height": 435
    },
    "offset": {
      "x": 1,
      "y": -1
    },
    "originalSize": {
      "width": 1000,
      "height": 563
    },
    "rotated": false,
    "capInsets": [
      0,
      0,
      0,
      0
    ],
    "vertices": {
      "rawPosition": [
        -214,
        -217.5,
        0,
        214,
        -217.5,
        0,
        -214,
        217.5,
        0,
        214,
        217.5,
        0
      ],
      "indexes": [
        0,
        1,
        2,
        2,
        1,
        3
      ],
      "uv": [
        287,
        498,
        715,
        498,
        287,
        63,
        715,
        63
      ],
      "nuv": [
        0.287,
        0.11190053285968028,
        0.715,
        0.11190053285968028,
        0.287,
        0.8845470692717584,
        0.715,
        0.8845470692717584
      ],
      "minPos": {
        "x": -214,
        "y": -217.5,
        "z": 0
      },
      "maxPos": {
        "x": 214,
        "y": 217.5,
        "z": 0
      }
    },
    "texture": "78339fbe-846c-47c1-bc86-906d401ddea9@6c48a",
    "packable": true,
    "pixelsToUnit": 100,
    "pivot": {
      "x": 0.5,
      "y": 0.5
    },
    "meshType": 0
  }
}