{
  "__type__": "cc.SpriteFrame",
  "content": {
    "name": "FrameAvatar",
    "atlas": "",
    "rect": {
      "x": 0,
      "y": 0,
      "width": 875,
      "height": 886
    },
    "offset": {
      "x": 0,
      "y": 18
    },
    "originalSize": {
      "width": 875,
      "height": 922
    },
    "rotated": false,
    "capInsets": [
      0,
      0,
      0,
      0
    ],
    "vertices": {
      "rawPosition": [
        -437.5,
        -443,
        0,
        437.5,
        -443,
        0,
        -437.5,
        443,
        0,
        437.5,
        443,
        0
      ],
      "indexes": [
        0,
        1,
        2,
        2,
        1,
        3
      ],
      "uv": [
        0,
        922,
        875,
        922,
        0,
        36,
        875,
        36
      ],
      "nuv": [
        0,
        0.039045553145336226,
        1,
        0.039045553145336226,
        0,
        1,
        1,
        1
      ],
      "minPos": {
        "x": -437.5,
        "y": -443,
        "z": 0
      },
      "maxPos": {
        "x": 437.5,
        "y": 443,
        "z": 0
      }
    },
    "texture": "ba12f508-6756-43d4-a433-61dd47764799@6c48a",
    "packable": true,
    "pixelsToUnit": 100,
    "pivot": {
      "x": 0.5,
      "y": 0.5
    },
    "meshType": 0
  }
}