{
  "__type__": "cc.SpriteFrame",
  "content": {
    "name": "53",
    "atlas": "",
    "rect": {
      "x": 285,
      "y": 65,
      "width": 430,
      "height": 435
    },
    "offset": {
      "x": 0,
      "y": -1
    },
    "originalSize": {
      "width": 1000,
      "height": 563
    },
    "rotated": false,
    "capInsets": [
      0,
      0,
      0,
      0
    ],
    "vertices": {
      "rawPosition": [
        -215,
        -217.5,
        0,
        215,
        -217.5,
        0,
        -215,
        217.5,
        0,
        215,
        217.5,
        0
      ],
      "indexes": [
        0,
        1,
        2,
        2,
        1,
        3
      ],
      "uv": [
        285,
        498,
        715,
        498,
        285,
        63,
        715,
        63
      ],
      "nuv": [
        0.285,
        0.11190053285968028,
        0.715,
        0.11190053285968028,
        0.285,
        0.8845470692717584,
        0.715,
        0.8845470692717584
      ],
      "minPos": {
        "x": -215,
        "y": -217.5,
        "z": 0
      },
      "maxPos": {
        "x": 215,
        "y": 217.5,
        "z": 0
      }
    },
    "texture": "926c4a49-4dd0-4a43-a10c-d92b0fb2bcf1@6c48a",
    "packable": true,
    "pixelsToUnit": 100,
    "pivot": {
      "x": 0.5,
      "y": 0.5
    },
    "meshType": 0
  }
}