{
  "__type__": "cc.SpriteFrame",
  "content": {
    "name": "send icon",
    "atlas": "",
    "rect": {
      "x": 2,
      "y": 4,
      "width": 329,
      "height": 328
    },
    "offset": {
      "x": -1.5,
      "y": 0
    },
    "originalSize": {
      "width": 336,
      "height": 336
    },
    "rotated": false,
    "capInsets": [
      0,
      0,
      0,
      0
    ],
    "vertices": {
      "rawPosition": [
        -164.5,
        -164,
        0,
        164.5,
        -164,
        0,
        -164.5,
        164,
        0,
        164.5,
        164,
        0
      ],
      "indexes": [
        0,
        1,
        2,
        2,
        1,
        3
      ],
      "uv": [
        2,
        332,
        331,
        332,
        2,
        4,
        331,
        4
      ],
      "nuv": [
        0.005952380952380952,
        0.011904761904761904,
        0.9851190476190477,
        0.011904761904761904,
        0.005952380952380952,
        0.9880952380952381,
        0.9851190476190477,
        0.9880952380952381
      ],
      "minPos": {
        "x": -164.5,
        "y": -164,
        "z": 0
      },
      "maxPos": {
        "x": 164.5,
        "y": 164,
        "z": 0
      }
    },
    "texture": "8a2c4f39-3079-453c-9a35-26b3f1a8f844@6c48a",
    "packable": true,
    "pixelsToUnit": 100,
    "pivot": {
      "x": 0.5,
      "y": 0.5
    },
    "meshType": 0
  }
}