{
  "__type__": "cc.SpriteFrame",
  "content": {
    "name": "122",
    "atlas": "",
    "rect": {
      "x": 285,
      "y": 65,
      "width": 430,
      "height": 436
    },
    "offset": {
      "x": 0,
      "y": -1.5
    },
    "originalSize": {
      "width": 1000,
      "height": 563
    },
    "rotated": false,
    "capInsets": [
      0,
      0,
      0,
      0
    ],
    "vertices": {
      "rawPosition": [
        -215,
        -218,
        0,
        215,
        -218,
        0,
        -215,
        218,
        0,
        215,
        218,
        0
      ],
      "indexes": [
        0,
        1,
        2,
        2,
        1,
        3
      ],
      "uv": [
        285,
        498,
        715,
        498,
        285,
        62,
        715,
        62
      ],
      "nuv": [
        0.285,
        0.11012433392539965,
        0.715,
        0.11012433392539965,
        0.285,
        0.8845470692717584,
        0.715,
        0.8845470692717584
      ],
      "minPos": {
        "x": -215,
        "y": -218,
        "z": 0
      },
      "maxPos": {
        "x": 215,
        "y": 218,
        "z": 0
      }
    },
    "texture": "b4806c60-cbb6-4f98-bf10-881a6cf20ce6@6c48a",
    "packable": true,
    "pixelsToUnit": 100,
    "pivot": {
      "x": 0.5,
      "y": 0.5
    },
    "meshType": 0
  }
}