{
  "__type__": "cc.SpriteFrame",
  "content": {
    "name": "Sad50",
    "atlas": "",
    "rect": {
      "x": 209,
      "y": 40,
      "width": 358,
      "height": 364
    },
    "offset": {
      "x": -12,
      "y": 3
    },
    "originalSize": {
      "width": 800,
      "height": 450
    },
    "rotated": false,
    "capInsets": [
      0,
      0,
      0,
      0
    ],
    "vertices": {
      "rawPosition": [
        -179,
        -182,
        0,
        179,
        -182,
        0,
        -179,
        182,
        0,
        179,
        182,
        0
      ],
      "indexes": [
        0,
        1,
        2,
        2,
        1,
        3
      ],
      "uv": [
        209,
        410,
        567,
        410,
        209,
        46,
        567,
        46
      ],
      "nuv": [
        0.26125,
        0.10222222222222223,
        0.70875,
        0.10222222222222223,
        0.26125,
        0.9111111111111111,
        0.70875,
        0.9111111111111111
      ],
      "minPos": {
        "x": -179,
        "y": -182,
        "z": 0
      },
      "maxPos": {
        "x": 179,
        "y": 182,
        "z": 0
      }
    },
    "texture": "9019759b-203b-4033-ac89-fcba4db97ed0@6c48a",
    "packable": true,
    "pixelsToUnit": 100,
    "pivot": {
      "x": 0.5,
      "y": 0.5
    },
    "meshType": 0
  }
}